"Id","Nombre_de_la_Empresa__c"
"a01aj00000wPY6lAAG","Cliente 1127"
"a01aj00000wPY6mAAG","Cliente 585"
"a01aj00000wPY6nAAG","Cliente 1560"
"a01aj00000wPY6oAAG","Cliente 1399"
"a01aj00000wPY6pAAG","Cliente 42"
"a01aj00000wPY6qAAG","Cliente 73"
"a01aj00000wPY6rAAG","Cliente 1627"
"a01aj00000wPY6sAAG","Cliente 1053"
"a01aj00000wPY6tAAG","Cliente 538"
"a01aj00000wPY6uAAG","Cliente 1853"
"a01aj00000wPY6vAAG","Cliente 1638"
"a01aj00000wPY6wAAG","Cliente 1826"
"a01aj00000wPY6xAAG","Cliente 1116"
"a01aj00000wPY6yAAG","Cliente 1243"
"a01aj00000wPY6zAAG","Cliente 584"
"a01aj00000wPY70AAG","Cliente 1123"
"a01aj00000wPY71AAG","Cliente 1676"
"a01aj00000wPY72AAG","Cliente 422"
"a01aj00000wPY73AAG","Cliente 1101"
"a01aj00000wPY74AAG","Cliente 134"
"a01aj00000wPY75AAG","Cliente 660"
"a01aj00000wPY76AAG","Cliente 375"
"a01aj00000wPY77AAG","Cliente 1009"
"a01aj00000wPY78AAG","Cliente 815"
"a01aj00000wPY79AAG","Cliente 1226"
"a01aj00000wPY7AAAW","Cliente 492"
"a01aj00000wPY7BAAW","Cliente 1355"
"a01aj00000wPY7CAAW","Cliente 744"
"a01aj00000wPY7DAAW","Cliente 1885"
"a01aj00000wPY7EAAW","Cliente 816"
"a01aj00000wPY7FAAW","Cliente 1084"
"a01aj00000wPY7GAAW","Cliente 1287"
"a01aj00000wPY7HAAW","Cliente 468"
"a01aj00000wPY7IAAW","Cliente 1034"
"a01aj00000wPY7JAAW","Cliente 1278"
"a01aj00000wPY7KAAW","Cliente 1962"
"a01aj00000wPY7LAAW","Cliente 1094"
"a01aj00000wPY7MAAW","Cliente 1901"
"a01aj00000wPY7NAAW","Cliente 481"
"a01aj00000wPY7OAAW","Cliente 319"
"a01aj00000wPY7PAAW","Cliente 1528"
"a01aj00000wPY7QAAW","Cliente 878"
"a01aj00000wPY7RAAW","Cliente 1373"
"a01aj00000wPY7SAAW","Cliente 844"
"a01aj00000wPY7TAAW","Cliente 333"
"a01aj00000wPY7UAAW","Cliente 1641"
"a01aj00000wPY7VAAW","Cliente 854"
"a01aj00000wPY7WAAW","Cliente 281"
"a01aj00000wPY7XAAW","Cliente 576"
"a01aj00000wPY7YAAW","Cliente 1451"
"a01aj00000wPY7ZAAW","Cliente 619"
"a01aj00000wPY7aAAG","Cliente 320"
"a01aj00000wPY7bAAG","Cliente 76"
"a01aj00000wPY7cAAG","Cliente 582"
"a01aj00000wPY7dAAG","Cliente 955"
"a01aj00000wPY7eAAG","Cliente 507"
"a01aj00000wPY7fAAG","Cliente 1227"
"a01aj00000wPY7gAAG","Cliente 1729"
"a01aj00000wPY7hAAG","Cliente 1864"
"a01aj00000wPY7iAAG","Cliente 426"
"a01aj00000wPY7jAAG","Cliente 1277"
"a01aj00000wPY7kAAG","Cliente 776"
"a01aj00000wPY7lAAG","Cliente 2000"
"a01aj00000wPY7mAAG","Cliente 1922"
"a01aj00000wPY7nAAG","Cliente 928"
"a01aj00000wPY7oAAG","Cliente 316"
"a01aj00000wPY7pAAG","Cliente 579"
"a01aj00000wPY7qAAG","Cliente 263"
"a01aj00000wPY7rAAG","Cliente 1689"
"a01aj00000wPY7sAAG","Cliente 106"
"a01aj00000wPY7tAAG","Cliente 1868"
"a01aj00000wPY7uAAG","Cliente 1554"
"a01aj00000wPY7vAAG","Cliente 150"
"a01aj00000wPY7wAAG","Cliente 1709"
"a01aj00000wPY7xAAG","Cliente 1027"
"a01aj00000wPY7yAAG","Cliente 1295"
"a01aj00000wPY7zAAG","Cliente 1615"
"a01aj00000wPY80AAG","Cliente 1696"
"a01aj00000wPY81AAG","Cliente 1462"
"a01aj00000wPY82AAG","Cliente 1527"
"a01aj00000wPY83AAG","Cliente 483"
"a01aj00000wPY84AAG","Cliente 1658"
"a01aj00000wPY85AAG","Cliente 1490"
"a01aj00000wPY86AAG","Cliente 1675"
"a01aj00000wPY87AAG","Cliente 1984"
"a01aj00000wPY88AAG","Cliente 1508"
"a01aj00000wPY89AAG","Cliente 971"
"a01aj00000wPY8AAAW","Cliente 820"
"a01aj00000wPY8BAAW","Cliente 1989"
"a01aj00000wPY8CAAW","Cliente 665"
"a01aj00000wPY8DAAW","Cliente 668"
"a01aj00000wPY8EAAW","Cliente 1781"
"a01aj00000wPY8FAAW","Cliente 1768"
"a01aj00000wPY8GAAW","Cliente 1816"
"a01aj00000wPY8HAAW","Cliente 1003"
"a01aj00000wPY8IAAW","Cliente 341"
"a01aj00000wPY8JAAW","Cliente 1469"
"a01aj00000wPY8KAAW","Cliente 1642"
"a01aj00000wPw5sAAC","Cliente 737"
"a01aj00000wPw5tAAC","Cliente 236"
"a01aj00000wPw5uAAC","Cliente 1927"
"a01aj00000wPw5vAAC","Cliente 960"
"a01aj00000wPw5wAAC","Cliente 1244"
"a01aj00000wPw5xAAC","Cliente 1407"
"a01aj00000wPw5yAAC","Cliente 1735"
"a01aj00000wPw5zAAC","Cliente 1182"
"a01aj00000wPw60AAC","Cliente 1990"
"a01aj00000wPw61AAC","Cliente 10"
"a01aj00000wPw62AAC","Cliente 1502"
"a01aj00000wPw63AAC","Cliente 918"
"a01aj00000wPw64AAC","Cliente 1558"
"a01aj00000wPw65AAC","Cliente 488"
"a01aj00000wPw66AAC","Cliente 1081"
"a01aj00000wPw67AAC","Cliente 1356"
"a01aj00000wPw68AAC","Cliente 452"
"a01aj00000wPw69AAC","Cliente 1416"
"a01aj00000wPw6AAAS","Cliente 1540"
"a01aj00000wPw6BAAS","Cliente 1497"
"a01aj00000wPw6CAAS","Cliente 349"
"a01aj00000wPw6DAAS","Cliente 1716"
"a01aj00000wPw6EAAS","Cliente 505"
"a01aj00000wPw6FAAS","Cliente 1523"
"a01aj00000wPw6GAAS","Cliente 1308"
"a01aj00000wPw6HAAS","Cliente 193"
"a01aj00000wPw6IAAS","Cliente 717"
"a01aj00000wPw6JAAS","Cliente 1526"
"a01aj00000wPw6KAAS","Cliente 1327"
"a01aj00000wPw6LAAS","Cliente 1505"
"a01aj00000wPw6MAAS","Cliente 1913"
"a01aj00000wPw6NAAS","Cliente 600"
"a01aj00000wPw6OAAS","Cliente 726"
"a01aj00000wPw6PAAS","Cliente 1614"
"a01aj00000wPw6QAAS","Cliente 305"
"a01aj00000wPw6RAAS","Cliente 1522"
"a01aj00000wPw6SAAS","Cliente 307"
"a01aj00000wPw6TAAS","Cliente 1712"
"a01aj00000wPw6UAAS","Cliente 1939"
"a01aj00000wPw6VAAS","Cliente 286"
"a01aj00000wPw6WAAS","Cliente 102"
"a01aj00000wPw6XAAS","Cliente 200"
"a01aj00000wPw6YAAS","Cliente 1124"
"a01aj00000wPw6ZAAS","Cliente 1187"
"a01aj00000wPw6aAAC","Cliente 1702"
"a01aj00000wPw6bAAC","Cliente 925"
"a01aj00000wPw6cAAC","Cliente 1565"
"a01aj00000wPw6dAAC","Cliente 760"
"a01aj00000wPw6eAAC","Cliente 1347"
"a01aj00000wPw6fAAC","Cliente 181"
"a01aj00000wPw6gAAC","Cliente 1488"
"a01aj00000wPw6hAAC","Cliente 1134"
"a01aj00000wPw6iAAC","Cliente 559"
"a01aj00000wPw6jAAC","Cliente 1353"
"a01aj00000wPw6kAAC","Cliente 695"
"a01aj00000wPw6lAAC","Cliente 1739"
"a01aj00000wPw6mAAC","Cliente 692"
"a01aj00000wPw6nAAC","Cliente 1357"
"a01aj00000wPw6oAAC","Cliente 476"
"a01aj00000wPw6pAAC","Cliente 525"
"a01aj00000wPw6qAAC","Cliente 1"
"a01aj00000wPw6rAAC","Cliente 491"
"a01aj00000wPw6sAAC","Cliente 1139"
"a01aj00000wPw6tAAC","Cliente 1883"
"a01aj00000wPw6uAAC","Cliente 655"
"a01aj00000wPw6vAAC","Cliente 1713"
"a01aj00000wPw6wAAC","Cliente 74"
"a01aj00000wPw6xAAC","Cliente 868"
"a01aj00000wPw6yAAC","Cliente 1746"
"a01aj00000wPw6zAAC","Cliente 1822"
"a01aj00000wPw70AAC","Cliente 1794"
"a01aj00000wPw71AAC","Cliente 231"
"a01aj00000wPw72AAC","Cliente 618"
"a01aj00000wPw73AAC","Cliente 168"
"a01aj00000wPw74AAC","Cliente 1291"
"a01aj00000wPw75AAC","Cliente 725"
"a01aj00000wPw76AAC","Cliente 1181"
"a01aj00000wPw77AAC","Cliente 987"
"a01aj00000wPw78AAC","Cliente 122"
"a01aj00000wPw79AAC","Cliente 1931"
"a01aj00000wPw7AAAS","Cliente 240"
"a01aj00000wPw7BAAS","Cliente 1211"
"a01aj00000wPw7CAAS","Cliente 1328"
"a01aj00000wPw7DAAS","Cliente 1085"
"a01aj00000wPw7EAAS","Cliente 567"
"a01aj00000wPw7FAAS","Cliente 338"
"a01aj00000wPw7GAAS","Cliente 90"
"a01aj00000wPw7HAAS","Cliente 1107"
"a01aj00000wPw7IAAS","Cliente 177"
"a01aj00000wPw7JAAS","Cliente 409"
"a01aj00000wPw7KAAS","Cliente 1582"
"a01aj00000wPw7LAAS","Cliente 447"
"a01aj00000wPw7MAAS","Cliente 1951"
"a01aj00000wPw7NAAS","Cliente 1855"
"a01aj00000wPw7OAAS","Cliente 686"
"a01aj00000wPw7PAAS","Cliente 1337"
"a01aj00000wPw7QAAS","Cliente 1143"
"a01aj00000wQ0pOAAS","Cliente 1771"
"a01aj00000wQ0pPAAS","Cliente 234"
"a01aj00000wQ0pQAAS","Cliente 376"
"a01aj00000wQ0pRAAS","Cliente 753"
"a01aj00000wQ0pSAAS","Cliente 1375"
"a01aj00000wQ0pTAAS","Cliente 1271"
"a01aj00000wQ0pUAAS","Cliente 1359"
"a01aj00000wQ0pVAAS","Cliente 1219"
"a01aj00000wQ0pWAAS","Cliente 1467"
"a01aj00000wQ0pXAAS","Cliente 1992"
"a01aj00000wQ0pYAAS","Cliente 1714"
"a01aj00000wQ0pZAAS","Cliente 441"
"a01aj00000wQ0paAAC","Cliente 836"
"a01aj00000wQ0pbAAC","Cliente 1121"
"a01aj00000wQ0pcAAC","Cliente 1935"
"a01aj00000wQ0pdAAC","Cliente 294"
"a01aj00000wQ0peAAC","Cliente 1120"
"a01aj00000wQ0pfAAC","Cliente 99"
"a01aj00000wQ0pgAAC","Cliente 63"
"a01aj00000wQ0phAAC","Cliente 1496"
"a01aj00000wQ0piAAC","Cliente 87"
"a01aj00000wQ0pjAAC","Cliente 1622"
"a01aj00000wQ0pkAAC","Cliente 1812"
"a01aj00000wQ0plAAC","Cliente 1220"
"a01aj00000wQ0pmAAC","Cliente 329"
"a01aj00000wQ0pnAAC","Cliente 1292"
"a01aj00000wQ0poAAC","Cliente 583"
"a01aj00000wQ0ppAAC","Cliente 592"
"a01aj00000wQ0pqAAC","Cliente 1569"
"a01aj00000wQ0prAAC","Cliente 834"
"a01aj00000wQ0psAAC","Cliente 995"
"a01aj00000wQ0ptAAC","Cliente 1052"
"a01aj00000wQ0puAAC","Cliente 1225"
"a01aj00000wQ0pvAAC","Cliente 563"
"a01aj00000wQ0pwAAC","Cliente 1245"
"a01aj00000wQ0pxAAC","Cliente 257"
"a01aj00000wQ0pyAAC","Cliente 224"
"a01aj00000wQ0pzAAC","Cliente 1270"
"a01aj00000wQ0q0AAC","Cliente 1715"
"a01aj00000wQ0q1AAC","Cliente 514"
"a01aj00000wQ0q2AAC","Cliente 1311"
"a01aj00000wQ0q3AAC","Cliente 273"
"a01aj00000wQ0q4AAC","Cliente 1179"
"a01aj00000wQ0q5AAC","Cliente 1170"
"a01aj00000wQ0q6AAC","Cliente 1537"
"a01aj00000wQ0q7AAC","Cliente 966"
"a01aj00000wQ0q8AAC","Cliente 1478"
"a01aj00000wQ0q9AAC","Cliente 1653"
"a01aj00000wQ0qAAAS","Cliente 378"
"a01aj00000wQ0qBAAS","Cliente 1069"
"a01aj00000wQ0qCAAS","Cliente 370"
"a01aj00000wQ0qDAAS","Cliente 680"
"a01aj00000wQ0qEAAS","Cliente 586"
"a01aj00000wQ0qFAAS","Cliente 1258"
"a01aj00000wQ0qGAAS","Cliente 1902"
"a01aj00000wQ0qHAAS","Cliente 823"
"a01aj00000wQ0qIAAS","Cliente 747"
"a01aj00000wQ0qJAAS","Cliente 684"
"a01aj00000wQ0qKAAS","Cliente 571"
"a01aj00000wQ0qLAAS","Cliente 1843"
"a01aj00000wQ0qMAAS","Cliente 192"
"a01aj00000wQ0qNAAS","Cliente 1472"
"a01aj00000wQ0qOAAS","Cliente 67"
"a01aj00000wQ0qPAAS","Cliente 840"
"a01aj00000wQ0qQAAS","Cliente 1049"
"a01aj00000wQ0qRAAS","Cliente 325"
"a01aj00000wQ0qSAAS","Cliente 845"
"a01aj00000wQ0qTAAS","Cliente 1153"
"a01aj00000wQ0qUAAS","Cliente 1624"
"a01aj00000wQ0qVAAS","Cliente 41"
"a01aj00000wQ0qWAAS","Cliente 1060"
"a01aj00000wQ0qXAAS","Cliente 784"
"a01aj00000wQ0qYAAS","Cliente 1982"
"a01aj00000wQ0qZAAS","Cliente 84"
"a01aj00000wQ0qaAAC","Cliente 794"
"a01aj00000wQ0qbAAC","Cliente 154"
"a01aj00000wQ0qcAAC","Cliente 704"
"a01aj00000wQ0qdAAC","Cliente 736"
"a01aj00000wQ0qeAAC","Cliente 598"
"a01aj00000wQ0qfAAC","Cliente 414"
"a01aj00000wQ0qgAAC","Cliente 1836"
"a01aj00000wQ0qhAAC","Cliente 1718"
"a01aj00000wQ0qiAAC","Cliente 787"
"a01aj00000wQ0qjAAC","Cliente 1346"
"a01aj00000wQ0qkAAC","Cliente 1021"
"a01aj00000wQ0qlAAC","Cliente 1146"
"a01aj00000wQ0qmAAC","Cliente 870"
"a01aj00000wQ0qnAAC","Cliente 58"
"a01aj00000wQ0qoAAC","Cliente 77"
"a01aj00000wQ0qpAAC","Cliente 30"
"a01aj00000wQ0qqAAC","Cliente 1945"
"a01aj00000wQ0qrAAC","Cliente 314"
"a01aj00000wQ0qsAAC","Cliente 1929"
"a01aj00000wQ0qtAAC","Cliente 1655"
"a01aj00000wQ0quAAC","Cliente 759"
"a01aj00000wQ0qvAAC","Cliente 1259"
"a01aj00000wQ0qwAAC","Cliente 1464"
"a01aj00000wQ0qxAAC","Cliente 591"
"a01aj00000wQ0qyAAC","Cliente 1854"
"a01aj00000wQ3YjAAK","Cliente 926"
"a01aj00000wQ3YkAAK","Cliente 795"
"a01aj00000wQ3YlAAK","Cliente 164"
"a01aj00000wQ3YmAAK","Cliente 1012"
"a01aj00000wQ3YnAAK","Cliente 908"
"a01aj00000wQ3YoAAK","Cliente 587"
"a01aj00000wQ3YpAAK","Cliente 888"
"a01aj00000wQ3YqAAK","Cliente 101"
"a01aj00000wQ3YrAAK","Cliente 659"
"a01aj00000wQ3YsAAK","Cliente 1723"
"a01aj00000wQ3YtAAK","Cliente 1677"
"a01aj00000wQ3YuAAK","Cliente 351"
"a01aj00000wQ3YvAAK","Cliente 1754"
"a01aj00000wQ3YwAAK","Cliente 569"
"a01aj00000wQ3YxAAK","Cliente 731"
"a01aj00000wQ3YyAAK","Cliente 92"
"a01aj00000wQ3YzAAK","Cliente 18"
"a01aj00000wQ3Z0AAK","Cliente 720"
"a01aj00000wQ3Z1AAK","Cliente 445"
"a01aj00000wQ3Z2AAK","Cliente 504"
"a01aj00000wQ3Z3AAK","Cliente 1025"
"a01aj00000wQ3Z4AAK","Cliente 1135"
"a01aj00000wQ3Z5AAK","Cliente 1524"
"a01aj00000wQ3Z6AAK","Cliente 1790"
"a01aj00000wQ3Z7AAK","Cliente 1197"
"a01aj00000wQ3Z8AAK","Cliente 1521"
"a01aj00000wQ3Z9AAK","Cliente 1442"
"a01aj00000wQ3ZAAA0","Cliente 1546"
"a01aj00000wQ3ZBAA0","Cliente 1859"
"a01aj00000wQ3ZCAA0","Cliente 1183"
"a01aj00000wQ3ZDAA0","Cliente 1431"
"a01aj00000wQ3ZEAA0","Cliente 1581"
"a01aj00000wQ3ZFAA0","Cliente 403"
"a01aj00000wQ3ZGAA0","Cliente 1799"
"a01aj00000wQ3ZHAA0","Cliente 1933"
"a01aj00000wQ3ZIAA0","Cliente 1342"
"a01aj00000wQ3ZJAA0","Cliente 1186"
"a01aj00000wQ3ZKAA0","Cliente 639"
"a01aj00000wQ3ZLAA0","Cliente 1648"
"a01aj00000wQ3ZMAA0","Cliente 1905"
"a01aj00000wQ3ZNAA0","Cliente 1272"
"a01aj00000wQ3ZOAA0","Cliente 999"
"a01aj00000wQ3ZPAA0","Cliente 457"
"a01aj00000wQ3ZQAA0","Cliente 56"
"a01aj00000wQ3ZRAA0","Cliente 517"
"a01aj00000wQ3ZSAA0","Cliente 797"
"a01aj00000wQ3ZTAA0","Cliente 324"
"a01aj00000wQ3ZUAA0","Cliente 1828"
"a01aj00000wQ3ZVAA0","Cliente 136"
"a01aj00000wQ3ZWAA0","Cliente 143"
"a01aj00000wQ3ZXAA0","Cliente 980"
"a01aj00000wQ3ZYAA0","Cliente 1411"
"a01aj00000wQ3ZZAA0","Cliente 799"
"a01aj00000wQ3ZaAAK","Cliente 1286"
"a01aj00000wQ3ZbAAK","Cliente 298"
"a01aj00000wQ3ZcAAK","Cliente 939"
"a01aj00000wQ3ZdAAK","Cliente 923"
"a01aj00000wQ3ZeAAK","Cliente 172"
"a01aj00000wQ3ZfAAK","Cliente 972"
"a01aj00000wQ3ZgAAK","Cliente 484"
"a01aj00000wQ3ZhAAK","Cliente 1592"
"a01aj00000wQ3ZiAAK","Cliente 1621"
"a01aj00000wQ3ZjAAK","Cliente 1570"
"a01aj00000wQ3ZkAAK","Cliente 433"
"a01aj00000wQ3ZlAAK","Cliente 465"
"a01aj00000wQ3ZmAAK","Cliente 243"
"a01aj00000wQ3ZnAAK","Cliente 45"
"a01aj00000wQ3ZoAAK","Cliente 1493"
"a01aj00000wQ3ZpAAK","Cliente 805"
"a01aj00000wQ3ZqAAK","Cliente 714"
"a01aj00000wQ3ZrAAK","Cliente 1321"
"a01aj00000wQ3ZsAAK","Cliente 555"
"a01aj00000wQ3ZtAAK","Cliente 1229"
"a01aj00000wQ3ZuAAK","Cliente 356"
"a01aj00000wQ3ZvAAK","Cliente 723"
"a01aj00000wQ3ZwAAK","Cliente 673"
"a01aj00000wQ3ZxAAK","Cliente 1495"
"a01aj00000wQ3ZyAAK","Cliente 219"
"a01aj00000wQ3ZzAAK","Cliente 480"
"a01aj00000wQ3a0AAC","Cliente 1354"
"a01aj00000wQ3a1AAC","Cliente 857"
"a01aj00000wQ3a2AAC","Cliente 936"
"a01aj00000wQ3a3AAC","Cliente 1699"
"a01aj00000wQ3a4AAC","Cliente 763"
"a01aj00000wQ3a5AAC","Cliente 1564"
"a01aj00000wQ3a6AAC","Cliente 371"
"a01aj00000wQ3a7AAC","Cliente 1595"
"a01aj00000wQ3a8AAC","Cliente 395"
"a01aj00000wQ3a9AAC","Cliente 1785"
"a01aj00000wQ3aAAAS","Cliente 846"
"a01aj00000wQ3aBAAS","Cliente 672"
"a01aj00000wQ3aCAAS","Cliente 82"
"a01aj00000wQ3aDAAS","Cliente 1237"
"a01aj00000wQ3aEAAS","Cliente 1154"
"a01aj00000wQ3aFAAS","Cliente 1509"
"a01aj00000wQ3aGAAS","Cliente 1928"
"a01aj00000wQ3aHAAS","Cliente 681"
"a01aj00000wQ3aIAAS","Cliente 1953"
"a01aj00000wQ3aJAAS","Cliente 958"
"a01aj00000wQ3aKAAS","Cliente 265"
"a01aj00000wQ3aLAAS","Cliente 1430"
"a01aj00000wQ3bxAAC","Cliente 1446"
"a01aj00000wQ3byAAC","Cliente 1639"
"a01aj00000wQ3bzAAC","Cliente 417"
"a01aj00000wQ3c0AAC","Cliente 115"
"a01aj00000wQ3c1AAC","Cliente 1892"
"a01aj00000wQ3c2AAC","Cliente 364"
"a01aj00000wQ3c3AAC","Cliente 1958"
"a01aj00000wQ3c4AAC","Cliente 1978"
"a01aj00000wQ3c5AAC","Cliente 545"
"a01aj00000wQ3c6AAC","Cliente 1517"
"a01aj00000wQ3c7AAC","Cliente 703"
"a01aj00000wQ3c8AAC","Cliente 982"
"a01aj00000wQ3c9AAC","Cliente 299"
"a01aj00000wQ3cAAAS","Cliente 152"
"a01aj00000wQ3cBAAS","Cliente 754"
"a01aj00000wQ3cCAAS","Cliente 768"
"a01aj00000wQ3cDAAS","Cliente 233"
"a01aj00000wQ3cEAAS","Cliente 914"
"a01aj00000wQ3cFAAS","Cliente 1986"
"a01aj00000wQ3cGAAS","Cliente 1578"
"a01aj00000wQ3cHAAS","Cliente 1334"
"a01aj00000wQ3cIAAS","Cliente 1293"
"a01aj00000wQ3cJAAS","Cliente 391"
"a01aj00000wQ3cKAAS","Cliente 1998"
"a01aj00000wQ3cLAAS","Cliente 515"
"a01aj00000wQ3cMAAS","Cliente 1608"
"a01aj00000wQ3cNAAS","Cliente 43"
"a01aj00000wQ3cOAAS","Cliente 1279"
"a01aj00000wQ3cPAAS","Cliente 283"
"a01aj00000wQ3cQAAS","Cliente 1280"
"a01aj00000wQ3cRAAS","Cliente 1175"
"a01aj00000wQ3cSAAS","Cliente 1067"
"a01aj00000wQ3cTAAS","Cliente 1514"
"a01aj00000wQ3cUAAS","Cliente 1811"
"a01aj00000wQ3cVAAS","Cliente 1454"
"a01aj00000wQ3cWAAS","Cliente 248"
"a01aj00000wQ3cXAAS","Cliente 471"
"a01aj00000wQ3cYAAS","Cliente 623"
"a01aj00000wQ3cZAAS","Cliente 580"
"a01aj00000wQ3caAAC","Cliente 489"
"a01aj00000wQ3cbAAC","Cliente 109"
"a01aj00000wQ3ccAAC","Cliente 1824"
"a01aj00000wQ3cdAAC","Cliente 62"
"a01aj00000wQ3ceAAC","Cliente 209"
"a01aj00000wQ3cfAAC","Cliente 499"
"a01aj00000wQ3cgAAC","Cliente 1529"
"a01aj00000wQ3chAAC","Cliente 497"
"a01aj00000wQ3ciAAC","Cliente 1419"
"a01aj00000wQ3cjAAC","Cliente 1064"
"a01aj00000wQ3ckAAC","Cliente 1649"
"a01aj00000wQ3clAAC","Cliente 1974"
"a01aj00000wQ3cmAAC","Cliente 1691"
"a01aj00000wQ3cnAAC","Cliente 238"
"a01aj00000wQ3coAAC","Cliente 494"
"a01aj00000wQ3cpAAC","Cliente 1674"
"a01aj00000wQ3cqAAC","Cliente 1422"
"a01aj00000wQ3crAAC","Cliente 1429"
"a01aj00000wQ3csAAC","Cliente 1074"
"a01aj00000wQ3ctAAC","Cliente 1579"
"a01aj00000wQ3cuAAC","Cliente 1610"
"a01aj00000wQ3cvAAC","Cliente 474"
"a01aj00000wQ3cwAAC","Cliente 1834"
"a01aj00000wQ3cxAAC","Cliente 1600"
"a01aj00000wQ3cyAAC","Cliente 1654"
"a01aj00000wQ3czAAC","Cliente 1086"
"a01aj00000wQ3d0AAC","Cliente 1405"
"a01aj00000wQ3d1AAC","Cliente 328"
"a01aj00000wQ3d2AAC","Cliente 1415"
"a01aj00000wQ3d3AAC","Cliente 935"
"a01aj00000wQ3d4AAC","Cliente 1485"
"a01aj00000wQ3d5AAC","Cliente 1313"
"a01aj00000wQ3d6AAC","Cliente 1252"
"a01aj00000wQ3d7AAC","Cliente 1890"
"a01aj00000wQ3d8AAC","Cliente 718"
"a01aj00000wQ3d9AAC","Cliente 677"
"a01aj00000wQ3dAAAS","Cliente 1157"
"a01aj00000wQ3dBAAS","Cliente 503"
"a01aj00000wQ3dCAAS","Cliente 71"
"a01aj00000wQ3dDAAS","Cliente 732"
"a01aj00000wQ3dEAAS","Cliente 781"
"a01aj00000wQ3dFAAS","Cliente 428"
"a01aj00000wQ3dGAAS","Cliente 1949"
"a01aj00000wQ3dHAAS","Cliente 147"
"a01aj00000wQ3dIAAS","Cliente 565"
"a01aj00000wQ3dJAAS","Cliente 135"
"a01aj00000wQ3dKAAS","Cliente 1865"
"a01aj00000wQ3dLAAS","Cliente 1988"
"a01aj00000wQ3dMAAS","Cliente 366"
"a01aj00000wQ3dNAAS","Cliente 885"
"a01aj00000wQ3dOAAS","Cliente 402"
"a01aj00000wQ3dPAAS","Cliente 1662"
"a01aj00000wQ3dQAAS","Cliente 1250"
"a01aj00000wQ3dRAAS","Cliente 919"
"a01aj00000wQ3dSAAS","Cliente 511"
"a01aj00000wQ3dTAAS","Cliente 392"
"a01aj00000wQ3dUAAS","Cliente 1914"
"a01aj00000wQ3dVAAS","Cliente 1591"
"a01aj00000wQ3dWAAS","Cliente 169"
"a01aj00000wQ3dXAAS","Cliente 1908"
"a01aj00000wQ3dYAAS","Cliente 398"
"a01aj00000wQ3dZAAS","Cliente 722"
"a01aj00000wQ3daAAC","Cliente 1466"
"a01aj00000wQ3fBAAS","Cliente 1543"
"a01aj00000wQ3fCAAS","Cliente 485"
"a01aj00000wQ3fDAAS","Cliente 227"
"a01aj00000wQ3fEAAS","Cliente 1106"
"a01aj00000wQ3fFAAS","Cliente 1122"
"a01aj00000wQ3fGAAS","Cliente 1040"
"a01aj00000wQ3fHAAS","Cliente 282"
"a01aj00000wQ3fIAAS","Cliente 1706"
"a01aj00000wQ3fJAAS","Cliente 191"
"a01aj00000wQ3fKAAS","Cliente 1459"
"a01aj00000wQ3fLAAS","Cliente 1305"
"a01aj00000wQ3fMAAS","Cliente 997"
"a01aj00000wQ3fNAAS","Cliente 1596"
"a01aj00000wQ3fOAAS","Cliente 1276"
"a01aj00000wQ3fPAAS","Cliente 1389"
"a01aj00000wQ3fQAAS","Cliente 1238"
"a01aj00000wQ3fRAAS","Cliente 266"
"a01aj00000wQ3fSAAS","Cliente 1300"
"a01aj00000wQ3fTAAS","Cliente 1302"
"a01aj00000wQ3fUAAS","Cliente 934"
"a01aj00000wQ3fVAAS","Cliente 663"
"a01aj00000wQ3fWAAS","Cliente 635"
"a01aj00000wQ3fXAAS","Cliente 13"
"a01aj00000wQ3fYAAS","Cliente 199"
"a01aj00000wQ3fZAAS","Cliente 1420"
"a01aj00000wQ3faAAC","Cliente 387"
"a01aj00000wQ3fbAAC","Cliente 407"
"a01aj00000wQ3fcAAC","Cliente 802"
"a01aj00000wQ3fdAAC","Cliente 397"
"a01aj00000wQ3feAAC","Cliente 1128"
"a01aj00000wQ3ffAAC","Cliente 1530"
"a01aj00000wQ3fgAAC","Cliente 1847"
"a01aj00000wQ3fhAAC","Cliente 729"
"a01aj00000wQ3fiAAC","Cliente 915"
"a01aj00000wQ3fjAAC","Cliente 173"
"a01aj00000wQ3fkAAC","Cliente 1787"
"a01aj00000wQ3flAAC","Cliente 454"
"a01aj00000wQ3fmAAC","Cliente 442"
"a01aj00000wQ3fnAAC","Cliente 892"
"a01aj00000wQ3foAAC","Cliente 1668"
"a01aj00000wQ3fpAAC","Cliente 1795"
"a01aj00000wQ3fqAAC","Cliente 185"
"a01aj00000wQ3frAAC","Cliente 811"
"a01aj00000wQ3fsAAC","Cliente 1605"
"a01aj00000wQ3ftAAC","Cliente 1352"
"a01aj00000wQ3fuAAC","Cliente 594"
"a01aj00000wQ3fvAAC","Cliente 858"
"a01aj00000wQ3fwAAC","Cliente 856"
"a01aj00000wQ3fxAAC","Cliente 813"
"a01aj00000wQ3fyAAC","Cliente 867"
"a01aj00000wQ3fzAAC","Cliente 212"
"a01aj00000wQ3g0AAC","Cliente 1805"
"a01aj00000wQ3g1AAC","Cliente 1728"
"a01aj00000wQ3g2AAC","Cliente 757"
"a01aj00000wQ3g3AAC","Cliente 1484"
"a01aj00000wQ3g4AAC","Cliente 1289"
"a01aj00000wQ3g5AAC","Cliente 1732"
"a01aj00000wQ3g6AAC","Cliente 804"
"a01aj00000wQ3g7AAC","Cliente 965"
"a01aj00000wQ3g8AAC","Cliente 777"
"a01aj00000wQ3g9AAC","Cliente 1331"
"a01aj00000wQ3gAAAS","Cliente 1683"
"a01aj00000wQ3gBAAS","Cliente 1665"
"a01aj00000wQ3gCAAS","Cliente 830"
"a01aj00000wQ3gDAAS","Cliente 597"
"a01aj00000wQ3gEAAS","Cliente 650"
"a01aj00000wQ3gFAAS","Cliente 129"
"a01aj00000wQ3gGAAS","Cliente 771"
"a01aj00000wQ3gHAAS","Cliente 1633"
"a01aj00000wQ3gIAAS","Cliente 1957"
"a01aj00000wQ3gJAAS","Cliente 1384"
"a01aj00000wQ3gKAAS","Cliente 562"
"a01aj00000wQ3gLAAS","Cliente 1751"
"a01aj00000wQ3gMAAS","Cliente 796"
"a01aj00000wQ3gNAAS","Cliente 210"
"a01aj00000wQ3gOAAS","Cliente 1341"
"a01aj00000wQ3gPAAS","Cliente 841"
"a01aj00000wQ3gQAAS","Cliente 615"
"a01aj00000wQ3gRAAS","Cliente 1671"
"a01aj00000wQ3gSAAS","Cliente 1707"
"a01aj00000wQ3gTAAS","Cliente 1335"
"a01aj00000wQ3gUAAS","Cliente 530"
"a01aj00000wQ3gVAAS","Cliente 1618"
"a01aj00000wQ3gWAAS","Cliente 1172"
"a01aj00000wQ3gXAAS","Cliente 1724"
"a01aj00000wQ3gYAAS","Cliente 1016"
"a01aj00000wQ3gZAAS","Cliente 835"
"a01aj00000wQ3gaAAC","Cliente 1087"
"a01aj00000wQ3gbAAC","Cliente 1567"
"a01aj00000wQ3gcAAC","Cliente 694"
"a01aj00000wQ3gdAAC","Cliente 421"
"a01aj00000wQ3geAAC","Cliente 634"
"a01aj00000wQ3gfAAC","Cliente 1640"
"a01aj00000wQ3ggAAC","Cliente 756"
"a01aj00000wQ3ghAAC","Cliente 825"
"a01aj00000wQ3giAAC","Cliente 1659"
"a01aj00000wQ3gjAAC","Cliente 1898"
"a01aj00000wQ3gkAAC","Cliente 1392"
"a01aj00000wQ3glAAC","Cliente 1441"
"a01aj00000wQ3gmAAC","Cliente 1199"
"a01aj00000wQ3gnAAC","Cliente 482"
"a01aj00000wQ3goAAC","Cliente 984"
"a01aj00000wQ3gpAAC","Cliente 165"
"a01aj00000wQ3gqAAC","Cliente 237"
"a01aj00000wQ3grAAC","Cliente 393"
"a01aj00000wQ3gsAAC","Cliente 1926"
"a01aj00000wQ3gtAAC","Cliente 1667"
"a01aj00000wQ3guAAC","Cliente 400"
"a01aj00000wQ3gvAAC","Cliente 449"
"a01aj00000wQ3gwAAC","Cliente 1645"
"a01aj00000wQ3gxAAC","Cliente 1489"
"a01aj00000wQ3gyAAC","Cliente 118"
"a01aj00000wQ3gzAAC","Cliente 1288"
"a01aj00000wQ3h0AAC","Cliente 1228"
"a01aj00000wQ3h1AAC","Cliente 806"
"a01aj00000wQ3h2AAC","Cliente 860"
"a01aj00000wQ3h3AAC","Cliente 1849"
"a01aj00000wQ3h4AAC","Cliente 1737"
"a01aj00000wQ3h5AAC","Cliente 1440"
"a01aj00000wQ3h6AAC","Cliente 396"
"a01aj00000wQ3h7AAC","Cliente 1888"
"a01aj00000wQ3h8AAC","Cliente 782"
"a01aj00000wQ3h9AAC","Cliente 478"
"a01aj00000wQ3hAAAS","Cliente 1129"
"a01aj00000wQ3hBAAS","Cliente 1880"
"a01aj00000wQ3hCAAS","Cliente 909"
"a01aj00000wQ3hDAAS","Cliente 786"
"a01aj00000wQ3hEAAS","Cliente 629"
"a01aj00000wQ3hFAAS","Cliente 1385"
"a01aj00000wQ3hGAAS","Cliente 458"
"a01aj00000wQ3hHAAS","Cliente 1093"
"a01aj00000wQ3hIAAS","Cliente 1765"
"a01aj00000wQ3hJAAS","Cliente 937"
"a01aj00000wQ3hKAAS","Cliente 1851"
"a01aj00000wQ3hLAAS","Cliente 451"
"a01aj00000wQ3hMAAS","Cliente 435"
"a01aj00000wQ3hNAAS","Cliente 1547"
"a01aj00000wQ3hOAAS","Cliente 1260"
"a01aj00000wQ3hPAAS","Cliente 15"
"a01aj00000wQ3hQAAS","Cliente 229"
"a01aj00000wQ3hRAAS","Cliente 353"
"a01aj00000wQ3hSAAS","Cliente 1077"
"a01aj00000wQ3hTAAS","Cliente 1130"
"a01aj00000wQ3hUAAS","Cliente 1443"
"a01aj00000wQ3hVAAS","Cliente 189"
"a01aj00000wQ3hWAAS","Cliente 1559"
"a01aj00000wQ3hXAAS","Cliente 1972"
"a01aj00000wQ3hYAAS","Cliente 1024"
"a01aj00000wQ3hZAAS","Cliente 190"
"a01aj00000wQ3haAAC","Cliente 1749"
"a01aj00000wQ3hbAAC","Cliente 1475"
"a01aj00000wQ3hcAAC","Cliente 303"
"a01aj00000wQ3hdAAC","Cliente 1314"
"a01aj00000wQ3heAAC","Cliente 560"
"a01aj00000wQ3hfAAC","Cliente 446"
"a01aj00000wQ3hgAAC","Cliente 408"
"a01aj00000wQ3hhAAC","Cliente 1165"
"a01aj00000wQ3hiAAC","Cliente 974"
"a01aj00000wQ3hjAAC","Cliente 1747"
"a01aj00000wQ3hkAAC","Cliente 1852"
"a01aj00000wQ3hlAAC","Cliente 1255"
"a01aj00000wQ3hmAAC","Cliente 1938"
"a01aj00000wQ3hnAAC","Cliente 691"
"a01aj00000wQ3hoAAC","Cliente 1006"
"a01aj00000wQ3hpAAC","Cliente 4"
"a01aj00000wQ3hqAAC","Cliente 991"
"a01aj00000wQ3hrAAC","Cliente 643"
"a01aj00000wQ3hsAAC","Cliente 439"
"a01aj00000wQ3htAAC","Cliente 7"
"a01aj00000wQ3huAAC","Cliente 1285"
"a01aj00000wQ3hvAAC","Cliente 1367"
"a01aj00000wQ3hwAAC","Cliente 1421"
"a01aj00000wQ3hxAAC","Cliente 52"
"a01aj00000wQ3hyAAC","Cliente 743"
"a01aj00000wQ3hzAAC","Cliente 327"
"a01aj00000wQ3i0AAC","Cliente 186"
"a01aj00000wQ3i1AAC","Cliente 789"
"a01aj00000wQ3i2AAC","Cliente 1519"
"a01aj00000wQ3i3AAC","Cliente 1936"
"a01aj00000wQ3i4AAC","Cliente 1635"
"a01aj00000wQ3i5AAC","Cliente 1819"
"a01aj00000wQ3i6AAC","Cliente 1379"
"a01aj00000wQ3i7AAC","Cliente 1036"
"a01aj00000wQ3i8AAC","Cliente 1850"
"a01aj00000wQ3i9AAC","Cliente 509"
"a01aj00000wQ3iAAAS","Cliente 431"
"a01aj00000wQ3iBAAS","Cliente 604"
"a01aj00000wQ3iCAAS","Cliente 437"
"a01aj00000wQ3iDAAS","Cliente 1976"
"a01aj00000wQ3iEAAS","Cliente 1664"
"a01aj00000wQ3iFAAS","Cliente 581"
"a01aj00000wQ3iGAAS","Cliente 758"
"a01aj00000wQ3iHAAS","Cliente 1532"
"a01aj00000wQ3iIAAS","Cliente 1015"
"a01aj00000wQ3iJAAS","Cliente 1636"
"a01aj00000wQ3iKAAS","Cliente 814"
"a01aj00000wQ3iLAAS","Cliente 306"
"a01aj00000wQ3iMAAS","Cliente 1762"
"a01aj00000wQ3iNAAS","Cliente 1510"
"a01aj00000wQ3iOAAS","Cliente 1499"
"a01aj00000wQ3iPAAS","Cliente 1191"
"a01aj00000wQ3iQAAS","Cliente 85"
"a01aj00000wQ3iRAAS","Cliente 1376"
"a01aj00000wQ3iSAAS","Cliente 790"
"a01aj00000wQ3iTAAS","Cliente 1304"
"a01aj00000wQ3iUAAS","Cliente 284"
"a01aj00000wQ3iVAAS","Cliente 1351"
"a01aj00000wQ3iWAAS","Cliente 1960"
"a01aj00000wQ3iXAAS","Cliente 733"
"a01aj00000wQ3iYAAS","Cliente 1575"
"a01aj00000wQ3iZAAS","Cliente 922"
"a01aj00000wQ3iaAAC","Cliente 114"
"a01aj00000wQ3ibAAC","Cliente 1800"
"a01aj00000wQ3icAAC","Cliente 1344"
"a01aj00000wQ3idAAC","Cliente 1210"
"a01aj00000wQ3ieAAC","Cliente 1774"
"a01aj00000wQ3ifAAC","Cliente 1801"
"a01aj00000wQ3igAAC","Cliente 1371"
"a01aj00000wQ3ihAAC","Cliente 1861"
"a01aj00000wQ3iiAAC","Cliente 1770"
"a01aj00000wQ3ijAAC","Cliente 374"
"a01aj00000wQ3ikAAC","Cliente 953"
"a01aj00000wQ3ilAAC","Cliente 493"
"a01aj00000wQ3imAAC","Cliente 847"
"a01aj00000wQ3inAAC","Cliente 3"
"a01aj00000wQ3ioAAC","Cliente 9"
"a01aj00000wQ3ipAAC","Cliente 427"
"a01aj00000wQ3iqAAC","Cliente 864"
"a01aj00000wQ3irAAC","Cliente 1917"
"a01aj00000wQ3isAAC","Cliente 1970"
"a01aj00000wQ3itAAC","Cliente 289"
"a01aj00000wQ3iuAAC","Cliente 898"
"a01aj00000wQ3ivAAC","Cliente 37"
"a01aj00000wQ3iwAAC","Cliente 1457"
"a01aj00000wQ3ixAAC","Cliente 1137"
"a01aj00000wQ3iyAAC","Cliente 1832"
"a01aj00000wQ3izAAC","Cliente 1878"
"a01aj00000wQ3j0AAC","Cliente 1993"
"a01aj00000wQ3j1AAC","Cliente 851"
"a01aj00000wQ3j2AAC","Cliente 1118"
"a01aj00000wQ3j3AAC","Cliente 347"
"a01aj00000wQ3j4AAC","Cliente 32"
"a01aj00000wQ3j5AAC","Cliente 462"
"a01aj00000wQ3j6AAC","Cliente 783"
"a01aj00000wQ3j7AAC","Cliente 61"
"a01aj00000wQ3j8AAC","Cliente 142"
"a01aj00000wQ3j9AAC","Cliente 479"
"a01aj00000wQ3jAAAS","Cliente 72"
"a01aj00000wQ3jBAAS","Cliente 1065"
"a01aj00000wQ3jCAAS","Cliente 287"
"a01aj00000wQ3jDAAS","Cliente 161"
"a01aj00000wQ3jEAAS","Cliente 1140"
"a01aj00000wQ3jFAAS","Cliente 969"
"a01aj00000wQ3jGAAS","Cliente 94"
"a01aj00000wQ3jHAAS","Cliente 1026"
"a01aj00000wQ3jIAAS","Cliente 1423"
"a01aj00000wQ3jJAAS","Cliente 59"
"a01aj00000wQ3jKAAS","Cliente 1694"
"a01aj00000wQ3jLAAS","Cliente 715"
"a01aj00000wQ3jMAAS","Cliente 1160"
"a01aj00000wQ3jNAAS","Cliente 1037"
"a01aj00000wQ3jOAAS","Cliente 1424"
"a01aj00000wQ3jPAAS","Cliente 1044"
"a01aj00000wQ3jQAAS","Cliente 730"
"a01aj00000wQ3jRAAS","Cliente 821"
"a01aj00000wQ3jSAAS","Cliente 640"
"a01aj00000wQ3jTAAS","Cliente 1073"
"a01aj00000wQ3jUAAS","Cliente 1710"
"a01aj00000wQ3jVAAS","Cliente 1809"
"a01aj00000wQ3jWAAS","Cliente 1256"
"a01aj00000wQ3jXAAS","Cliente 78"
"a01aj00000wQ3jYAAS","Cliente 1166"
"a01aj00000wQ3jZAAS","Cliente 125"
"a01aj00000wQ3jaAAC","Cliente 917"
"a01aj00000wQ3jbAAC","Cliente 1112"
"a01aj00000wQ3jcAAC","Cliente 261"
"a01aj00000wQ3jdAAC","Cliente 385"
"a01aj00000wQ3jeAAC","Cliente 490"
"a01aj00000wQ3jfAAC","Cliente 710"
"a01aj00000wQ3jgAAC","Cliente 1406"
"a01aj00000wQ3jhAAC","Cliente 1910"
"a01aj00000wQ3jiAAC","Cliente 241"
"a01aj00000wQ3jjAAC","Cliente 1358"
"a01aj00000wQ3jkAAC","Cliente 149"
"a01aj00000wQ3jlAAC","Cliente 55"
"a01aj00000wQ3jmAAC","Cliente 1209"
"a01aj00000wQ3jnAAC","Cliente 274"
"a01aj00000wQ3joAAC","Cliente 1078"
"a01aj00000wQ3jpAAC","Cliente 68"
"a01aj00000wQ3jqAAC","Cliente 748"
"a01aj00000wQ3jrAAC","Cliente 1307"
"a01aj00000wQ3jsAAC","Cliente 1882"
"a01aj00000wQ3jtAAC","Cliente 1126"
"a01aj00000wQ3juAAC","Cliente 998"
"a01aj00000wQ3jvAAC","Cliente 242"
"a01aj00000wQ3jwAAC","Cliente 188"
"a01aj00000wQ3jxAAC","Cliente 1705"
"a01aj00000wQ3jyAAC","Cliente 105"
"a01aj00000wQ3jzAAC","Cliente 1779"
"a01aj00000wQ3k0AAC","Cliente 141"
"a01aj00000wQ3k1AAC","Cliente 742"
"a01aj00000wQ3k2AAC","Cliente 1038"
"a01aj00000wQ3k3AAC","Cliente 664"
"a01aj00000wQ3k4AAC","Cliente 221"
"a01aj00000wQ3k5AAC","Cliente 334"
"a01aj00000wQ3k6AAC","Cliente 419"
"a01aj00000wQ3k7AAC","Cliente 613"
"a01aj00000wQ3k8AAC","Cliente 989"
"a01aj00000wQ3k9AAC","Cliente 460"
"a01aj00000wQ3kAAAS","Cliente 130"
"a01aj00000wQ3kBAAS","Cliente 1410"
"a01aj00000wQ3kCAAS","Cliente 1099"
"a01aj00000wQ3kDAAS","Cliente 1246"
"a01aj00000wQ3kEAAS","Cliente 137"
"a01aj00000wQ3kFAAS","Cliente 593"
"a01aj00000wQ3kGAAS","Cliente 1388"
"a01aj00000wQ3kHAAS","Cliente 1789"
"a01aj00000wQ3kIAAS","Cliente 1150"
"a01aj00000wQ3kJAAS","Cliente 1813"
"a01aj00000wQ3kKAAS","Cliente 411"
"a01aj00000wQ3kLAAS","Cliente 1692"
"a01aj00000wQ3kMAAS","Cliente 1798"
"a01aj00000wQ3kNAAS","Cliente 528"
"a01aj00000wQ3kOAAS","Cliente 318"
"a01aj00000wQ3kPAAS","Cliente 1969"
"a01aj00000wQ3kQAAS","Cliente 367"
"a01aj00000wQ3kRAAS","Cliente 416"
"a01aj00000wQ3kSAAS","Cliente 157"
"a01aj00000wQ3kTAAS","Cliente 1628"
"a01aj00000wQ3kUAAS","Cliente 927"
"a01aj00000wQ3kVAAS","Cliente 335"
"a01aj00000wQ3kWAAS","Cliente 1468"
"a01aj00000wQ3kXAAS","Cliente 1452"
"a01aj00000wQ3kYAAS","Cliente 93"
"a01aj00000wQ3kZAAS","Cliente 127"
"a01aj00000wQ3kaAAC","Cliente 1115"
"a01aj00000wQ3kbAAC","Cliente 46"
"a01aj00000wQ3kcAAC","Cliente 1476"
"a01aj00000wQ3kdAAC","Cliente 616"
"a01aj00000wQ3keAAC","Cliente 611"
"a01aj00000wQ3kfAAC","Cliente 992"
"a01aj00000wQ3kgAAC","Cliente 1168"
"a01aj00000wQ3khAAC","Cliente 1538"
"a01aj00000wQ3kiAAC","Cliente 1604"
"a01aj00000wQ3kjAAC","Cliente 1374"
"a01aj00000wQ3kkAAC","Cliente 100"
"a01aj00000wQ3klAAC","Cliente 112"
"a01aj00000wQ3kmAAC","Cliente 1257"
"a01aj00000wQ3knAAC","Cliente 107"
"a01aj00000wQ3koAAC","Cliente 627"
"a01aj00000wQ3kpAAC","Cliente 1656"
"a01aj00000wQ3kqAAC","Cliente 932"
"a01aj00000wQ3krAAC","Cliente 1296"
"a01aj00000wQ3ksAAC","Cliente 1449"
"a01aj00000wQ3ktAAC","Cliente 595"
"a01aj00000wQ3kuAAC","Cliente 880"
"a01aj00000wQ3kvAAC","Cliente 1080"
"a01aj00000wQ3kwAAC","Cliente 1189"
"a01aj00000wQ3kxAAC","Cliente 1603"
"a01aj00000wQ3kyAAC","Cliente 553"
"a01aj00000wQ3kzAAC","Cliente 1742"
"a01aj00000wQ3l0AAC","Cliente 1235"
"a01aj00000wQ3l1AAC","Cliente 1306"
"a01aj00000wQ3l2AAC","Cliente 140"
"a01aj00000wQ3l3AAC","Cliente 829"
"a01aj00000wQ3l4AAC","Cliente 1433"
"a01aj00000wQ3l5AAC","Cliente 1889"
"a01aj00000wQ3l6AAC","Cliente 1303"
"a01aj00000wQ3l7AAC","Cliente 80"
"a01aj00000wQ3l8AAC","Cliente 386"
"a01aj00000wQ3l9AAC","Cliente 1333"
"a01aj00000wQ3lAAAS","Cliente 323"
"a01aj00000wQ3lBAAS","Cliente 301"
"a01aj00000wQ3lCAAS","Cliente 197"
"a01aj00000wQ3lDAAS","Cliente 1860"
"a01aj00000wQ3lEAAS","Cliente 506"
"a01aj00000wQ3lFAAS","Cliente 158"
"a01aj00000wQ3lGAAS","Cliente 1513"
"a01aj00000wQ3lHAAS","Cliente 336"
"a01aj00000wQ3lIAAS","Cliente 1924"
"a01aj00000wQ3lJAAS","Cliente 12"
"a01aj00000wQ3lKAAS","Cliente 617"
"a01aj00000wQ3lLAAS","Cliente 975"
"a01aj00000wQ3lMAAS","Cliente 346"
"a01aj00000wQ3lNAAS","Cliente 809"
"a01aj00000wQ3lOAAS","Cliente 529"
"a01aj00000wQ3lPAAS","Cliente 1267"
"a01aj00000wQ3lQAAS","Cliente 1708"
"a01aj00000wQ3lRAAS","Cliente 762"
"a01aj00000wQ3lSAAS","Cliente 1763"
"a01aj00000wQ3lTAAS","Cliente 1102"
"a01aj00000wQ3lUAAS","Cliente 633"
"a01aj00000wQ3lVAAS","Cliente 1000"
"a01aj00000wQ3lWAAS","Cliente 1842"
"a01aj00000wQ3lXAAS","Cliente 196"
"a01aj00000wQ3lYAAS","Cliente 689"
"a01aj00000wQ3lZAAS","Cliente 1611"
"a01aj00000wQ3laAAC","Cliente 1019"
"a01aj00000wQ3lbAAC","Cliente 1845"
"a01aj00000wQ3lcAAC","Cliente 1010"
"a01aj00000wQ3nFAAS","Cliente 496"
"a01aj00000wQ3nGAAS","Cliente 682"
"a01aj00000wQ3nHAAS","Cliente 1856"
"a01aj00000wQ3nIAAS","Cliente 464"
"a01aj00000wQ3nJAAS","Cliente 578"
"a01aj00000wQ3nKAAS","Cliente 220"
"a01aj00000wQ3nLAAS","Cliente 38"
"a01aj00000wQ3nMAAS","Cliente 706"
"a01aj00000wQ3nNAAS","Cliente 260"
"a01aj00000wQ3nOAAS","Cliente 1840"
"a01aj00000wQ3nPAAS","Cliente 1815"
"a01aj00000wQ3nQAAS","Cliente 1814"
"a01aj00000wQ3nRAAS","Cliente 225"
"a01aj00000wQ3nSAAS","Cliente 223"
"a01aj00000wQ3nTAAS","Cliente 893"
"a01aj00000wQ3nUAAS","Cliente 232"
"a01aj00000wQ3nVAAS","Cliente 709"
"a01aj00000wQ3nWAAS","Cliente 1965"
"a01aj00000wQ3nXAAS","Cliente 1915"
"a01aj00000wQ3nYAAS","Cliente 1262"
"a01aj00000wQ3nZAAS","Cliente 678"
"a01aj00000wQ3naAAC","Cliente 96"
"a01aj00000wQ3nbAAC","Cliente 1682"
"a01aj00000wQ3ncAAC","Cliente 801"
"a01aj00000wQ3ndAAC","Cliente 1031"
"a01aj00000wQ3neAAC","Cliente 901"
"a01aj00000wQ3nfAAC","Cliente 1158"
"a01aj00000wQ3ngAAC","Cliente 317"
"a01aj00000wQ3nhAAC","Cliente 1011"
"a01aj00000wQ3niAAC","Cliente 288"
"a01aj00000wQ3njAAC","Cliente 218"
"a01aj00000wQ3nkAAC","Cliente 179"
"a01aj00000wQ3nlAAC","Cliente 1483"
"a01aj00000wQ3nmAAC","Cliente 300"
"a01aj00000wQ3nnAAC","Cliente 1647"
"a01aj00000wQ3noAAC","Cliente 244"
"a01aj00000wQ3npAAC","Cliente 54"
"a01aj00000wQ3nqAAC","Cliente 954"
"a01aj00000wQ3nrAAC","Cliente 145"
"a01aj00000wQ3nsAAC","Cliente 51"
"a01aj00000wQ3ntAAC","Cliente 778"
"a01aj00000wQ3nuAAC","Cliente 1310"
"a01aj00000wQ3nvAAC","Cliente 1697"
"a01aj00000wQ3nwAAC","Cliente 1918"
"a01aj00000wQ3nxAAC","Cliente 670"
"a01aj00000wQ3nyAAC","Cliente 644"
"a01aj00000wQ3nzAAC","Cliente 1232"
"a01aj00000wQ3o0AAC","Cliente 31"
"a01aj00000wQ3o1AAC","Cliente 1329"
"a01aj00000wQ3o2AAC","Cliente 1368"
"a01aj00000wQ3o3AAC","Cliente 89"
"a01aj00000wQ3o4AAC","Cliente 1224"
"a01aj00000wQ3o5AAC","Cliente 1695"
"a01aj00000wQ3o6AAC","Cliente 498"
"a01aj00000wQ3o7AAC","Cliente 693"
"a01aj00000wQ3o8AAC","Cliente 1173"
"a01aj00000wQ3o9AAC","Cliente 1757"
"a01aj00000wQ3oAAAS","Cliente 520"
"a01aj00000wQ3oBAAS","Cliente 1013"
"a01aj00000wQ3oCAAS","Cliente 993"
"a01aj00000wQ3oDAAS","Cliente 1784"
"a01aj00000wQ3oEAAS","Cliente 624"
"a01aj00000wQ3oFAAS","Cliente 363"
"a01aj00000wQ3oGAAS","Cliente 98"
"a01aj00000wQ3oHAAS","Cliente 1266"
"a01aj00000wQ3oIAAS","Cliente 315"
"a01aj00000wQ3oJAAS","Cliente 606"
"a01aj00000wQ3oKAAS","Cliente 539"
"a01aj00000wQ3oLAAS","Cliente 831"
"a01aj00000wQ3oMAAS","Cliente 235"
"a01aj00000wQ3oNAAS","Cliente 22"
"a01aj00000wQ3oOAAS","Cliente 1750"
"a01aj00000wQ3oPAAS","Cliente 1417"
"a01aj00000wQ3oQAAS","Cliente 467"
"a01aj00000wQ3oRAAS","Cliente 1382"
"a01aj00000wQ3oSAAS","Cliente 1217"
"a01aj00000wQ3oTAAS","Cliente 812"
"a01aj00000wQ3oUAAS","Cliente 79"
"a01aj00000wQ3oVAAS","Cliente 1690"
"a01aj00000wQ3oWAAS","Cliente 372"
"a01aj00000wQ3oXAAS","Cliente 1625"
"a01aj00000wQ3oYAAS","Cliente 1207"
"a01aj00000wQ3oZAAS","Cliente 1504"
"a01aj00000wQ3oaAAC","Cliente 1870"
"a01aj00000wQ3obAAC","Cliente 381"
"a01aj00000wQ3ocAAC","Cliente 1557"
"a01aj00000wQ3odAAC","Cliente 957"
"a01aj00000wQ3oeAAC","Cliente 500"
"a01aj00000wQ3ofAAC","Cliente 1841"
"a01aj00000wQ3ogAAC","Cliente 49"
"a01aj00000wQ3ohAAC","Cliente 1014"
"a01aj00000wQ3oiAAC","Cliente 1777"
"a01aj00000wQ3ojAAC","Cliente 912"
"a01aj00000wQ3okAAC","Cliente 1761"
"a01aj00000wQ3olAAC","Cliente 1803"
"a01aj00000wQ3omAAC","Cliente 1345"
"a01aj00000wQ3onAAC","Cliente 752"
"a01aj00000wQ3ooAAC","Cliente 1601"
"a01aj00000wQ3opAAC","Cliente 950"
"a01aj00000wQ3oqAAC","Cliente 1017"
"a01aj00000wQ3orAAC","Cliente 256"
"a01aj00000wQ3osAAC","Cliente 1273"
"a01aj00000wQ3otAAC","Cliente 626"
"a01aj00000wQ3qTAAS","Cliente 1198"
"a01aj00000wQ3qUAAS","Cliente 536"
"a01aj00000wQ3qVAAS","Cliente 929"
"a01aj00000wQ3qWAAS","Cliente 1046"
"a01aj00000wQ3qXAAS","Cliente 1966"
"a01aj00000wQ3qYAAS","Cliente 1007"
"a01aj00000wQ3qZAAS","Cliente 575"
"a01aj00000wQ3qaAAC","Cliente 508"
"a01aj00000wQ3qbAAC","Cliente 564"
"a01aj00000wQ3qcAAC","Cliente 97"
"a01aj00000wQ3qdAAC","Cliente 1921"
"a01aj00000wQ3qeAAC","Cliente 1573"
"a01aj00000wQ3qfAAC","Cliente 687"
"a01aj00000wQ3qgAAC","Cliente 1136"
"a01aj00000wQ3qhAAC","Cliente 262"
"a01aj00000wQ3qiAAC","Cliente 1899"
"a01aj00000wQ3qjAAC","Cliente 839"
"a01aj00000wQ3qkAAC","Cliente 153"
"a01aj00000wQ3qlAAC","Cliente 572"
"a01aj00000wQ3qmAAC","Cliente 818"
"a01aj00000wQ3qnAAC","Cliente 1336"
"a01aj00000wQ3qoAAC","Cliente 1275"
"a01aj00000wQ3qpAAC","Cliente 822"
"a01aj00000wQ3qqAAC","Cliente 1907"
"a01aj00000wQ3qrAAC","Cliente 119"
"a01aj00000wQ3qsAAC","Cliente 1171"
"a01aj00000wQ3qtAAC","Cliente 1536"
"a01aj00000wQ3quAAC","Cliente 1906"
"a01aj00000wQ3qvAAC","Cliente 1035"
"a01aj00000wQ3qwAAC","Cliente 685"
"a01aj00000wQ3qxAAC","Cliente 14"
"a01aj00000wQ3qyAAC","Cliente 540"
"a01aj00000wQ3qzAAC","Cliente 389"
"a01aj00000wQ3r0AAC","Cliente 952"
"a01aj00000wQ3r1AAC","Cliente 1650"
"a01aj00000wQ3r2AAC","Cliente 1867"
"a01aj00000wQ3r3AAC","Cliente 951"
"a01aj00000wQ3r4AAC","Cliente 1174"
"a01aj00000wQ3r5AAC","Cliente 214"
"a01aj00000wQ3r6AAC","Cliente 1239"
"a01aj00000wQ3r7AAC","Cliente 1598"
"a01aj00000wQ3r8AAC","Cliente 348"
"a01aj00000wQ3r9AAC","Cliente 461"
"a01aj00000wQ3rAAAS","Cliente 1873"
"a01aj00000wQ3rBAAS","Cliente 1426"
"a01aj00000wQ3rCAAS","Cliente 705"
"a01aj00000wQ3rDAAS","Cliente 1394"
"a01aj00000wQ3rEAAS","Cliente 1061"
"a01aj00000wQ3rFAAS","Cliente 1758"
"a01aj00000wQ3rGAAS","Cliente 1048"
"a01aj00000wQ3rHAAS","Cliente 1516"
"a01aj00000wQ3rIAAS","Cliente 713"
"a01aj00000wQ3rJAAS","Cliente 28"
"a01aj00000wQ3rKAAS","Cliente 486"
"a01aj00000wQ3rLAAS","Cliente 1821"
"a01aj00000wQ3rMAAS","Cliente 466"
"a01aj00000wQ3rNAAS","Cliente 589"
"a01aj00000wQ3rOAAS","Cliente 653"
"a01aj00000wQ3rPAAS","Cliente 292"
"a01aj00000wQ3rQAAS","Cliente 1261"
"a01aj00000wQ3rRAAS","Cliente 1620"
"a01aj00000wQ3rSAAS","Cliente 1390"
"a01aj00000wQ3rTAAS","Cliente 1942"
"a01aj00000wQ3rUAAS","Cliente 126"
"a01aj00000wQ3rVAAS","Cliente 1386"
"a01aj00000wQ3rWAAS","Cliente 959"
"a01aj00000wQ3rXAAS","Cliente 1370"
"a01aj00000wQ3rYAAS","Cliente 206"
"a01aj00000wQ3rZAAS","Cliente 1736"
"a01aj00000wQ3raAAC","Cliente 1997"
"a01aj00000wQ3rbAAC","Cliente 1088"
"a01aj00000wQ3rcAAC","Cliente 793"
"a01aj00000wQ3rdAAC","Cliente 968"
"a01aj00000wQ3reAAC","Cliente 1688"
"a01aj00000wQ3rfAAC","Cliente 674"
"a01aj00000wQ3rgAAC","Cliente 767"
"a01aj00000wQ3rhAAC","Cliente 1104"
"a01aj00000wQ3riAAC","Cliente 700"
"a01aj00000wQ3rjAAC","Cliente 862"
"a01aj00000wQ3rkAAC","Cliente 1786"
"a01aj00000wQ3rlAAC","Cliente 1089"
"a01aj00000wQ3rmAAC","Cliente 155"
"a01aj00000wQ3rnAAC","Cliente 1020"
"a01aj00000wQ3roAAC","Cliente 1486"
"a01aj00000wQ3rpAAC","Cliente 1141"
"a01aj00000wQ3rqAAC","Cliente 159"
"a01aj00000wQ3rrAAC","Cliente 900"
"a01aj00000wQ3rsAAC","Cliente 866"
"a01aj00000wQ3rtAAC","Cliente 501"
"a01aj00000wQ3ruAAC","Cliente 368"
"a01aj00000wQ3rvAAC","Cliente 899"
"a01aj00000wQ3rwAAC","Cliente 1290"
"a01aj00000wQ3rxAAC","Cliente 1133"
"a01aj00000wQ3ryAAC","Cliente 1194"
"a01aj00000wQ3rzAAC","Cliente 60"
"a01aj00000wQ3s0AAC","Cliente 1726"
"a01aj00000wQ3s1AAC","Cliente 1360"
"a01aj00000wQ3s2AAC","Cliente 1212"
"a01aj00000wQ3s3AAC","Cliente 1068"
"a01aj00000wQ3s4AAC","Cliente 6"
"a01aj00000wQ3s5AAC","Cliente 1378"
"a01aj00000wQ3s6AAC","Cliente 1738"
"a01aj00000wQ3s7AAC","Cliente 362"
"a01aj00000wQ3s8AAC","Cliente 1590"
"a01aj00000wQ3s9AAC","Cliente 1963"
"a01aj00000wQ3sAAAS","Cliente 605"
"a01aj00000wQ3sBAAS","Cliente 1377"
"a01aj00000wQ3sCAAS","Cliente 1482"
"a01aj00000wQ3sDAAS","Cliente 1152"
"a01aj00000wQ3sEAAS","Cliente 1788"
"a01aj00000wQ3sFAAS","Cliente 415"
"a01aj00000wQ3sGAAS","Cliente 1576"
"a01aj00000wQ3sHAAS","Cliente 429"
"a01aj00000wQ3sIAAS","Cliente 201"
"a01aj00000wQ3sJAAS","Cliente 785"
"a01aj00000wQ3sKAAS","Cliente 66"
"a01aj00000wQ3sLAAS","Cliente 1672"
"a01aj00000wQ3sMAAS","Cliente 1005"
"a01aj00000wQ3sNAAS","Cliente 1144"
"a01aj00000wQ3sOAAS","Cliente 1531"
"a01aj00000wQ3sPAAS","Cliente 648"
"a01aj00000wQ3sQAAS","Cliente 1338"
"a01aj00000wQ3sRAAS","Cliente 895"
"a01aj00000wQ3sSAAS","Cliente 546"
"a01aj00000wQ3sTAAS","Cliente 699"
"a01aj00000wQ3sUAAS","Cliente 438"
"a01aj00000wQ3sVAAS","Cliente 23"
"a01aj00000wQ3sWAAS","Cliente 942"
"a01aj00000wQ3sXAAS","Cliente 48"
"a01aj00000wQ3sYAAS","Cliente 1247"
"a01aj00000wQ3sZAAS","Cliente 1138"
"a01aj00000wQ3saAAC","Cliente 1793"
"a01aj00000wQ3sbAAC","Cliente 557"
"a01aj00000wQ3scAAC","Cliente 1274"
"a01aj00000wQ3sdAAC","Cliente 735"
"a01aj00000wQ3seAAC","Cliente 1043"
"a01aj00000wQ3sfAAC","Cliente 1463"
"a01aj00000wQ3sgAAC","Cliente 330"
"a01aj00000wQ3shAAC","Cliente 1553"
"a01aj00000wQ3siAAC","Cliente 1082"
"a01aj00000wQ3sjAAC","Cliente 676"
"a01aj00000wQ3skAAC","Cliente 207"
"a01aj00000wQ3slAAC","Cliente 1326"
"a01aj00000wQ3smAAC","Cliente 1176"
"a01aj00000wQ3snAAC","Cliente 853"
"a01aj00000wQ3soAAC","Cliente 944"
"a01aj00000wQ3spAAC","Cliente 780"
"a01aj00000wQ3sqAAC","Cliente 1900"
"a01aj00000wQ3srAAC","Cliente 21"
"a01aj00000wQ3ssAAC","Cliente 170"
"a01aj00000wQ3stAAC","Cliente 1281"
"a01aj00000wQ3suAAC","Cliente 1348"
"a01aj00000wQ3svAAC","Cliente 1961"
"a01aj00000wQ3swAAC","Cliente 253"
"a01aj00000wQ3sxAAC","Cliente 1566"
"a01aj00000wQ3syAAC","Cliente 1363"
"a01aj00000wQ3szAAC","Cliente 1950"
"a01aj00000wQ3t0AAC","Cliente 1680"
"a01aj00000wQ3t1AAC","Cliente 824"
"a01aj00000wQ3t2AAC","Cliente 239"
"a01aj00000wQ3t3AAC","Cliente 410"
"a01aj00000wQ3t4AAC","Cliente 683"
"a01aj00000wQ3t5AAC","Cliente 1727"
"a01aj00000wQ3t6AAC","Cliente 1685"
"a01aj00000wQ3t7AAC","Cliente 1791"
"a01aj00000wQ3t8AAC","Cliente 707"
"a01aj00000wQ3t9AAC","Cliente 1471"
"a01aj00000wQ3tAAAS","Cliente 657"
"a01aj00000wQ3tBAAS","Cliente 211"
"a01aj00000wQ3tCAAS","Cliente 20"
"a01aj00000wQ3tDAAS","Cliente 1474"
"a01aj00000wQ3tEAAS","Cliente 750"
"a01aj00000wQ3tFAAS","Cliente 902"
"a01aj00000wQ3tGAAS","Cliente 1646"
"a01aj00000wQ3tHAAS","Cliente 1400"
"a01aj00000wQ3tIAAS","Cliente 1686"
"a01aj00000wQ3tJAAS","Cliente 1324"
"a01aj00000wQ3tKAAS","Cliente 1876"
"a01aj00000wQ3tLAAS","Cliente 388"
"a01aj00000wQ3tMAAS","Cliente 1100"
"a01aj00000wQ3tNAAS","Cliente 304"
"a01aj00000wQ3tOAAS","Cliente 34"
"a01aj00000wQ3tPAAS","Cliente 596"
"a01aj00000wQ3tQAAS","Cliente 1941"
"a01aj00000wQ3tRAAS","Cliente 310"
"a01aj00000wQ3tSAAS","Cliente 50"
"a01aj00000wQ3tTAAS","Cliente 1030"
"a01aj00000wQ3tUAAS","Cliente 1439"
"a01aj00000wQ3tVAAS","Cliente 647"
"a01aj00000wQ3tWAAS","Cliente 1744"
"a01aj00000wQ3tXAAS","Cliente 1973"
"a01aj00000wQ3tYAAS","Cliente 949"
"a01aj00000wQ3tZAAS","Cliente 1839"
"a01aj00000wQ3taAAC","Cliente 872"
"a01aj00000wQ3tbAAC","Cliente 1808"
"a01aj00000wQ3tcAAC","Cliente 1593"
"a01aj00000wQ3tdAAC","Cliente 1679"
"a01aj00000wQ3teAAC","Cliente 1817"
"a01aj00000wQ3tfAAC","Cliente 1103"
"a01aj00000wQ3tgAAC","Cliente 215"
"a01aj00000wQ3thAAC","Cliente 1318"
"a01aj00000wQ3tiAAC","Cliente 1634"
"a01aj00000wQ3tjAAC","Cliente 1132"
"a01aj00000wQ3tkAAC","Cliente 1703"
"a01aj00000wQ3tlAAC","Cliente 1214"
"a01aj00000wQ3tmAAC","Cliente 1265"
"a01aj00000wQ3tnAAC","Cliente 205"
"a01aj00000wQ3toAAC","Cliente 1831"
"a01aj00000wQ3tpAAC","Cliente 697"
"a01aj00000wQ3tqAAC","Cliente 1561"
"a01aj00000wQ3trAAC","Cliente 1687"
"a01aj00000wQ3tsAAC","Cliente 138"
"a01aj00000wQ3ttAAC","Cliente 800"
"a01aj00000wQ3tuAAC","Cliente 1930"
"a01aj00000wQ3tvAAC","Cliente 1571"
"a01aj00000wQ3twAAC","Cliente 70"
"a01aj00000wQ3txAAC","Cliente 204"
"a01aj00000wQ3tyAAC","Cliente 552"
"a01aj00000wQ3tzAAC","Cliente 1937"
"a01aj00000wQ3u0AAC","Cliente 278"
"a01aj00000wQ3u1AAC","Cliente 1886"
"a01aj00000wQ3u2AAC","Cliente 1544"
"a01aj00000wQ3u3AAC","Cliente 11"
"a01aj00000wQ3u4AAC","Cliente 1393"
"a01aj00000wQ3u5AAC","Cliente 1792"
"a01aj00000wQ3u6AAC","Cliente 1461"
"a01aj00000wQ3u7AAC","Cliente 622"
"a01aj00000wQ3u8AAC","Cliente 340"
"a01aj00000wQ3u9AAC","Cliente 1240"
"a01aj00000wQ3uAAAS","Cliente 1748"
"a01aj00000wQ3uBAAS","Cliente 1218"
"a01aj00000wQ3uCAAS","Cliente 1881"
"a01aj00000wQ3uDAAS","Cliente 848"
"a01aj00000wQ3uEAAS","Cliente 472"
"a01aj00000wQ3uFAAS","Cliente 1760"
"a01aj00000wQ3uGAAS","Cliente 358"
"a01aj00000wQ3uHAAS","Cliente 202"
"a01aj00000wQ3uIAAS","Cliente 651"
"a01aj00000wQ3uJAAS","Cliente 875"
"a01aj00000wQ3uKAAS","Cliente 1980"
"a01aj00000wQ3uLAAS","Cliente 1877"
"a01aj00000wQ3uMAAS","Cliente 755"
"a01aj00000wQ3uNAAS","Cliente 1282"
"a01aj00000wQ3uOAAS","Cliente 675"
