Record ID,Nombre del Empleado
"a02aj000008MD5FAAW","Empleado 84"
"a02aj000008MD5GAAW","Empleado 54"
"a02aj000008MD5HAAW","Empleado 71"
"a02aj000008MD5IAAW","Empleado 46"
"a02aj000008MD5JAAW","Empleado 45"
"a02aj000008MD5KAAW","Empleado 40"
"a02aj000008MD5LAAW","Empleado 23"
"a02aj000008MD5MAAW","Empleado 81"
"a02aj000008MD5NAAW","Empleado 11"
"a02aj000008MD5OAAW","Empleado 1"
"a02aj000008MD5PAAW","Empleado 19"
"a02aj000008MD5QAAW","Empleado 31"
"a02aj000008MD5RAAW","Empleado 74"
"a02aj000008MD5SAAW","Empleado 34"
"a02aj000008MD5TAAW","Empleado 91"
"a02aj000008MD5UAAW","Empleado 5"
"a02aj000008MD5VAAW","Empleado 77"
"a02aj000008MD5WAAW","Empleado 78"
"a02aj000008MD5XAAW","Empleado 13"
"a02aj000008MD5YAAW","Empleado 32"
"a02aj000008MD5ZAAW","Empleado 56"
"a02aj000008MD5aAAG","Empleado 89"
"a02aj000008MD5bAAG","Empleado 27"
"a02aj000008MD5cAAG","Empleado 43"
"a02aj000008MD5dAAG","Empleado 70"
"a02aj000008MD5eAAG","Empleado 16"
"a02aj000008MD5fAAG","Empleado 41"
"a02aj000008MD5gAAG","Empleado 97"
"a02aj000008MD5hAAG","Empleado 10"
"a02aj000008MD5iAAG","Empleado 73"
"a02aj000008MD5jAAG","Empleado 12"
"a02aj000008MD5kAAG","Empleado 48"
"a02aj000008MD5lAAG","Empleado 86"
"a02aj000008MD5mAAG","Empleado 29"
"a02aj000008MD5nAAG","Empleado 94"
"a02aj000008MD5oAAG","Empleado 6"
"a02aj000008MD5pAAG","Empleado 67"
"a02aj000008MD5qAAG","Empleado 66"
"a02aj000008MD5rAAG","Empleado 36"
"a02aj000008MD5sAAG","Empleado 17"
"a02aj000008MD5tAAG","Empleado 50"
"a02aj000008MD5uAAG","Empleado 35"
"a02aj000008MD5vAAG","Empleado 8"
"a02aj000008MD5wAAG","Empleado 96"
"a02aj000008MD5xAAG","Empleado 28"
"a02aj000008MD5yAAG","Empleado 20"
"a02aj000008MD5zAAG","Empleado 82"
"a02aj000008MD60AAG","Empleado 26"
"a02aj000008MD61AAG","Empleado 63"
"a02aj000008MD62AAG","Empleado 14"
"a02aj000008MD63AAG","Empleado 25"
"a02aj000008MD64AAG","Empleado 4"
"a02aj000008MD65AAG","Empleado 18"
"a02aj000008MD66AAG","Empleado 39"
"a02aj000008MD67AAG","Empleado 9"
"a02aj000008MD68AAG","Empleado 79"
"a02aj000008MD69AAG","Empleado 7"
"a02aj000008MD6AAAW","Empleado 65"
"a02aj000008MD6BAAW","Empleado 37"
"a02aj000008MD6CAAW","Empleado 90"
"a02aj000008MD6DAAW","Empleado 57"
"a02aj000008MD6EAAW","Empleado 100"
"a02aj000008MD6FAAW","Empleado 55"
"a02aj000008MD6GAAW","Empleado 44"
"a02aj000008MD6HAAW","Empleado 51"
"a02aj000008MD6IAAW","Empleado 68"
"a02aj000008MD6JAAW","Empleado 47"
"a02aj000008MD6KAAW","Empleado 69"
"a02aj000008MD6LAAW","Empleado 62"
"a02aj000008MD6MAAW","Empleado 98"
"a02aj000008MD6NAAW","Empleado 80"
"a02aj000008MD6OAAW","Empleado 42"
"a02aj000008MD6PAAW","Empleado 59"
"a02aj000008MD6QAAW","Empleado 49"
"a02aj000008MD6RAAW","Empleado 99"
