Record ID,Nombre del Producto
"a00aj00000hTUbWAAW","Producto 283"
"a00aj00000hTUbXAAW","Producto 267"
"a00aj00000hTUbYAAW","Producto 166"
"a00aj00000hTUbZAAW","Producto 11"
"a00aj00000hTUbaAAG","Producto 79"
"a00aj00000hTUbbAAG","Producto 280"
"a00aj00000hTUbcAAG","Producto 95"
"a00aj00000hTUbdAAG","Producto 111"
"a00aj00000hTUbeAAG","Producto 7"
"a00aj00000hTUbfAAG","Producto 175"
"a00aj00000hTUbgAAG","Producto 99"
"a00aj00000hTUbhAAG","Producto 197"
"a00aj00000hTUbiAAG","Producto 186"
"a00aj00000hTUbjAAG","Producto 156"
"a00aj00000hTUbkAAG","Producto 59"
"a00aj00000hTUblAAG","Producto 62"
"a00aj00000hTUbmAAG","Producto 149"
"a00aj00000hTUbnAAG","Producto 110"
"a00aj00000hTUboAAG","Producto 65"
"a00aj00000hTUbpAAG","Producto 142"
"a00aj00000hTUbqAAG","Producto 157"
"a00aj00000hTUbrAAG","Producto 106"
"a00aj00000hTUbsAAG","Producto 249"
"a00aj00000hTUbtAAG","Producto 48"
"a00aj00000hTUbuAAG","Producto 44"
"a00aj00000hTUbvAAG","Producto 277"
"a00aj00000hTUbwAAG","Producto 282"
"a00aj00000hTUbxAAG","Producto 118"
"a00aj00000hTUbyAAG","Producto 215"
"a00aj00000hTUbzAAG","Producto 238"
"a00aj00000hTUc0AAG","Producto 19"
"a00aj00000hTUc1AAG","Producto 241"
"a00aj00000hTUc2AAG","Producto 35"
"a00aj00000hTUc3AAG","Producto 26"
"a00aj00000hTUc4AAG","Producto 47"
"a00aj00000hTUc5AAG","Producto 9"
"a00aj00000hTUc6AAG","Producto 115"
"a00aj00000hTUc7AAG","Producto 196"
"a00aj00000hTUc8AAG","Producto 113"
"a00aj00000hTUc9AAG","Producto 94"
"a00aj00000hTUcAAAW","Producto 77"
"a00aj00000hTUcBAAW","Producto 84"
"a00aj00000hTUcCAAW","Producto 120"
"a00aj00000hTUcDAAW","Producto 78"
"a00aj00000hTUcEAAW","Producto 131"
"a00aj00000hTUcFAAW","Producto 199"
"a00aj00000hTUcGAAW","Producto 212"
"a00aj00000hTUcHAAW","Producto 290"
"a00aj00000hTUcIAAW","Producto 221"
"a00aj00000hTUcJAAW","Producto 180"
"a00aj00000hTUcKAAW","Producto 146"
"a00aj00000hTUcLAAW","Producto 188"
"a00aj00000hTUcMAAW","Producto 86"
"a00aj00000hTUcNAAW","Producto 250"
"a00aj00000hTUcOAAW","Producto 279"
"a00aj00000hTUcPAAW","Producto 75"
"a00aj00000hTUcQAAW","Producto 246"
"a00aj00000hTUcRAAW","Producto 27"
"a00aj00000hTUcSAAW","Producto 211"
"a00aj00000hTUcTAAW","Producto 61"
"a00aj00000hTUcUAAW","Producto 8"
"a00aj00000hTUcVAAW","Producto 185"
"a00aj00000hTUcWAAW","Producto 187"
"a00aj00000hTUcXAAW","Producto 148"
"a00aj00000hTUcYAAW","Producto 32"
"a00aj00000hTUcZAAW","Producto 24"
"a00aj00000hTUcaAAG","Producto 256"
"a00aj00000hTUcbAAG","Producto 58"
"a00aj00000hTUccAAG","Producto 239"
"a00aj00000hTUcdAAG","Producto 287"
"a00aj00000hTUceAAG","Producto 128"
"a00aj00000hTUcfAAG","Producto 230"
"a00aj00000hTUcgAAG","Producto 285"
"a00aj00000hTUchAAG","Producto 257"
"a00aj00000hTUciAAG","Producto 160"
"a00aj00000hTUcjAAG","Producto 227"
"a00aj00000hTUckAAG","Producto 80"
"a00aj00000hTUclAAG","Producto 68"
"a00aj00000hTUcmAAG","Producto 298"
"a00aj00000hTUcnAAG","Producto 194"
"a00aj00000hTUcoAAG","Producto 183"
"a00aj00000hTUcpAAG","Producto 21"
"a00aj00000hTUcqAAG","Producto 172"
"a00aj00000hTUcrAAG","Producto 81"
"a00aj00000hTUcsAAG","Producto 92"
"a00aj00000hTUctAAG","Producto 134"
"a00aj00000hTUcuAAG","Producto 74"
"a00aj00000hTUcvAAG","Producto 17"
"a00aj00000hTUcwAAG","Producto 12"
"a00aj00000hTUcxAAG","Producto 159"
"a00aj00000hTUcyAAG","Producto 226"
"a00aj00000hTUczAAG","Producto 70"
"a00aj00000hTUd0AAG","Producto 224"
"a00aj00000hTUd1AAG","Producto 39"
"a00aj00000hTUd2AAG","Producto 18"
"a00aj00000hTgxqAAC","Producto 34"
"a00aj00000hTgxrAAC","Producto 204"
"a00aj00000hTgxsAAC","Producto 164"
"a00aj00000hTgxtAAC","Producto 228"
"a00aj00000hTgxuAAC","Producto 258"
"a00aj00000hTgxvAAC","Producto 140"
"a00aj00000hTgxwAAC","Producto 64"
"a00aj00000hTgxxAAC","Producto 137"
"a00aj00000hTgxyAAC","Producto 130"
"a00aj00000hTgxzAAC","Producto 291"
"a00aj00000hTgy0AAC","Producto 10"
"a00aj00000hTgy1AAC","Producto 72"
"a00aj00000hTgy2AAC","Producto 265"
"a00aj00000hTgy3AAC","Producto 66"
"a00aj00000hTgy4AAC","Producto 46"
"a00aj00000hTgy5AAC","Producto 235"
"a00aj00000hTgy6AAC","Producto 158"
"a00aj00000hTgy7AAC","Producto 42"
"a00aj00000hTgy8AAC","Producto 125"
"a00aj00000hTgy9AAC","Producto 276"
"a00aj00000hTgyAAAS","Producto 218"
"a00aj00000hTgyBAAS","Producto 155"
"a00aj00000hTgyCAAS","Producto 25"
"a00aj00000hTgyDAAS","Producto 262"
"a00aj00000hTgyEAAS","Producto 112"
"a00aj00000hTgyFAAS","Producto 83"
"a00aj00000hTgyGAAS","Producto 209"
"a00aj00000hTgyHAAS","Producto 214"
"a00aj00000hTgyIAAS","Producto 41"
"a00aj00000hTgyJAAS","Producto 240"
"a00aj00000hTgyKAAS","Producto 292"
"a00aj00000hTgyLAAS","Producto 286"
"a00aj00000hTgyMAAS","Producto 201"
"a00aj00000hTgyNAAS","Producto 16"
"a00aj00000hTgyOAAS","Producto 49"
"a00aj00000hTgyPAAS","Producto 96"
"a00aj00000hTgyQAAS","Producto 264"
"a00aj00000hTgyRAAS","Producto 229"
"a00aj00000hTgySAAS","Producto 274"
"a00aj00000hTgyTAAS","Producto 203"
"a00aj00000hTgyUAAS","Producto 163"
"a00aj00000hTgyVAAS","Producto 45"
"a00aj00000hTgyWAAS","Producto 219"
"a00aj00000hTgyXAAS","Producto 147"
"a00aj00000hTgyYAAS","Producto 192"
"a00aj00000hTgyZAAS","Producto 222"
"a00aj00000hTgyaAAC","Producto 251"
"a00aj00000hTgybAAC","Producto 5"
"a00aj00000hTzvNAAS","Producto 121"
"a00aj00000hTzvOAAS","Producto 270"
"a00aj00000hTzvPAAS","Producto 271"
"a00aj00000hTzvQAAS","Producto 69"
"a00aj00000hTzvRAAS","Producto 103"
"a00aj00000hTzvSAAS","Producto 71"
"a00aj00000hTzvTAAS","Producto 33"
"a00aj00000hTzvUAAS","Producto 174"
"a00aj00000hTzvVAAS","Producto 150"
"a00aj00000hTzvWAAS","Producto 225"
"a00aj00000hTzvXAAS","Producto 116"
"a00aj00000hTzvYAAS","Producto 20"
"a00aj00000hTzvZAAS","Producto 181"
"a00aj00000hTzvaAAC","Producto 98"
"a00aj00000hTzvbAAC","Producto 167"
"a00aj00000hTzvcAAC","Producto 293"
"a00aj00000hTzvdAAC","Producto 88"
"a00aj00000hTzveAAC","Producto 248"
"a00aj00000hTzvfAAC","Producto 145"
"a00aj00000hTzvgAAC","Producto 233"
"a00aj00000hTzvhAAC","Producto 126"
"a00aj00000hTzviAAC","Producto 141"
"a00aj00000hTzvjAAC","Producto 154"
"a00aj00000hTzvkAAC","Producto 206"
"a00aj00000hTzvlAAC","Producto 57"
"a00aj00000hTzvmAAC","Producto 234"
"a00aj00000hTzvnAAC","Producto 184"
"a00aj00000hTzvoAAC","Producto 182"
"a00aj00000hTzvpAAC","Producto 139"
"a00aj00000hTzvqAAC","Producto 253"
"a00aj00000hTzvrAAC","Producto 40"
"a00aj00000hTzvsAAC","Producto 127"
"a00aj00000hTzvtAAC","Producto 195"
"a00aj00000hTzvuAAC","Producto 169"
"a00aj00000hTzvvAAC","Producto 205"
"a00aj00000hTzvwAAC","Producto 114"
"a00aj00000hTzvxAAC","Producto 266"
"a00aj00000hTzvyAAC","Producto 119"
"a00aj00000hTzvzAAC","Producto 284"
"a00aj00000hTzw0AAC","Producto 275"
"a00aj00000hTzw1AAC","Producto 223"
"a00aj00000hTzw2AAC","Producto 178"
"a00aj00000hTzw3AAC","Producto 4"
"a00aj00000hTzw4AAC","Producto 117"
"a00aj00000hTzw5AAC","Producto 179"
"a00aj00000hTzw6AAC","Producto 177"
"a00aj00000hTzw7AAC","Producto 122"
"a00aj00000hTzw8AAC","Producto 210"
"a00aj00000hTzw9AAC","Producto 261"
"a00aj00000hTzwAAAS","Producto 129"
"a00aj00000hTzwBAAS","Producto 76"
"a00aj00000hTzwCAAS","Producto 31"
"a00aj00000hTzwDAAS","Producto 85"
"a00aj00000hTzwEAAS","Producto 263"
"a00aj00000hTzwFAAS","Producto 109"
"a00aj00000hTzwGAAS","Producto 289"
"a00aj00000hTzwHAAS","Producto 247"
"a00aj00000hTzwIAAS","Producto 252"
"a00aj00000hTzwJAAS","Producto 296"
"a00aj00000hTzwKAAS","Producto 232"
"a00aj00000hTzwLAAS","Producto 67"
"a00aj00000hTzwMAAS","Producto 198"
"a00aj00000hTzwNAAS","Producto 87"
"a00aj00000hTzwOAAS","Producto 213"
"a00aj00000hTzwPAAS","Producto 161"
"a00aj00000hTzwQAAS","Producto 14"
"a00aj00000hTzwRAAS","Producto 37"
"a00aj00000hTzwSAAS","Producto 30"
"a00aj00000hTzwTAAS","Producto 144"
"a00aj00000hTzwUAAS","Producto 231"
"a00aj00000hTzwVAAS","Producto 281"
"a00aj00000hTzwWAAS","Producto 170"
"a00aj00000hTzwXAAS","Producto 53"
"a00aj00000hTzwYAAS","Producto 97"
"a00aj00000hTzwZAAS","Producto 208"
"a00aj00000hTzwaAAC","Producto 220"
"a00aj00000hTzwbAAC","Producto 43"
"a00aj00000hTzwcAAC","Producto 91"
"a00aj00000hTzwdAAC","Producto 217"
"a00aj00000hTzweAAC","Producto 138"
"a00aj00000hTzwfAAC","Producto 28"
"a00aj00000hTzwgAAC","Producto 294"
"a00aj00000hTzwhAAC","Producto 143"
"a00aj00000hTzwiAAC","Producto 200"
"a00aj00000hTzwjAAC","Producto 2"
"a00aj00000hTzwkAAC","Producto 269"
"a00aj00000hTzwlAAC","Producto 273"
"a00aj00000hTzwmAAC","Producto 102"
"a00aj00000hTzwnAAC","Producto 260"
"a00aj00000hTzwoAAC","Producto 255"
"a00aj00000hTzwpAAC","Producto 173"
"a00aj00000hTzwqAAC","Producto 100"
"a00aj00000hTzwrAAC","Producto 38"
"a00aj00000hTzwsAAC","Producto 63"
"a00aj00000hTzwtAAC","Producto 152"
"a00aj00000hTzwuAAC","Producto 236"
"a00aj00000hTzwvAAC","Producto 202"
"a00aj00000hTzwwAAC","Producto 242"
"a00aj00000hTzwxAAC","Producto 13"
"a00aj00000hTzwyAAC","Producto 297"
"a00aj00000hTzwzAAC","Producto 268"
"a00aj00000hTzx0AAC","Producto 29"
"a00aj00000hTzx1AAC","Producto 244"
"a00aj00000hTzx2AAC","Producto 6"
"a00aj00000hTzx3AAC","Producto 124"
